rank,prev_rank,name,league,off,def,spi
1,1,Manchester City,Barclays Premier League,3.13,0.21,94.66
2,2,Bayern Munich,German Bundesliga,3.33,0.34,94.11
3,3,Liverpool,Barclays Premier League,2.85,0.24,92.83
4,4,Barcelona,Spanish Primera Division,2.89,0.41,90.55
5,5,Real Madrid,Spanish Primera Division,2.57,0.32,89.69
6,6,Paris Saint-Germain,French Ligue 1,3.19,0.65,89.15
7,7,Manchester United,Barclays Premier League,2.43,0.34,88.01
8,10,Chelsea,Barclays Premier League,2.52,0.44,86.92
9,9,RB Leipzig,German Bundesliga,2.51,0.5,85.75
10,12,Juventus,Italy Serie A,2.44,0.49,85.19
11,11,Atletico Madrid,Spanish Primera Division,2.09,0.33,84.61
12,8,Borussia Dortmund,German Bundesliga,2.38,0.55,83.29
13,13,Atalanta,Italy Serie A,2.73,0.79,82.64
14,14,Wolverhampton,Barclays Premier League,1.96,0.36,82.16
15,15,Leicester City,Barclays Premier League,2.1,0.48,81.32
16,17,Bayer Leverkusen,German Bundesliga,2.35,0.66,80.65
17,16,Sevilla FC,Spanish Primera Division,2.07,0.5,80.51
18,23,FC Salzburg,Austrian T-Mobile Bundesliga,2.93,1.05,80.22
19,18,Internazionale,Italy Serie A,2.33,0.72,79.26
20,21,Borussia Monchengladbach,German Bundesliga,2.32,0.72,78.93
21,19,Getafe,Spanish Primera Division,1.78,0.39,78.79
22,22,Everton,Barclays Premier League,2.03,0.56,78.42
23,20,Zenit St Petersburg,Russian Premier Liga,2.09,0.6,78.3
24,26,Arsenal,Barclays Premier League,2.1,0.66,77.25
25,27,Tottenham Hotspur,Barclays Premier League,2.16,0.71,76.94
26,24,Ajax,Dutch Eredivisie,2.54,0.99,76.46
27,31,Napoli,Italy Serie A,2.12,0.73,75.97
28,25,Lazio,Italy Serie A,2.16,0.76,75.79
29,29,Olympiacos,Greek Super League,2.04,0.68,75.78
30,32,Real Sociedad,Spanish Primera Division,1.98,0.68,74.9
31,28,VfL Wolfsburg,German Bundesliga,2.04,0.72,74.86
32,34,FC Porto,Portuguese Liga,1.97,0.67,74.83
33,40,AC Milan,Italy Serie A,2.0,0.71,74.38
34,30,AS Roma,Italy Serie A,2.13,0.82,74.15
35,52,TSG Hoffenheim,German Bundesliga,2.33,0.96,74.11
36,41,Villarreal,Spanish Primera Division,2.1,0.81,73.75
37,33,Flamengo,Brasileiro Série A,2.15,0.85,73.73
38,35,Lyon,French Ligue 1,1.8,0.61,73.46
39,42,Celta Vigo,Spanish Primera Division,1.83,0.64,73.32
40,39,Real Betis,Spanish Primera Division,2.01,0.8,72.42
41,38,Eintracht Frankfurt,German Bundesliga,2.17,0.94,71.93
42,49,Brighton and Hove Albion,Barclays Premier League,1.83,0.71,71.45
43,37,Benfica,Portuguese Liga,2.08,0.9,71.35
44,44,Athletic Bilbao,Spanish Primera Division,1.78,0.69,71.2
45,53,Southampton,Barclays Premier League,1.95,0.82,70.96
46,48,Shakhtar Donetsk,UEFA Europa League,2.19,1.01,70.91
47,36,Watford,Barclays Premier League,1.88,0.77,70.91
48,54,Eibar,Spanish Primera Division,1.78,0.7,70.88
49,50,Lille,French Ligue 1,1.75,0.68,70.78
50,51,Celtic,Scottish Premiership,2.22,1.03,70.69
51,47,Burnley,Barclays Premier League,1.79,0.72,70.59
52,56,Leganes,Spanish Primera Division,1.64,0.61,70.4
53,43,Granada,Spanish Primera Division,1.7,0.66,70.23
54,55,Osasuna,Spanish Primera Division,1.87,0.81,69.73
55,45,Crystal Palace,Barclays Premier League,1.72,0.7,69.7
56,46,Sheffield United,Barclays Premier League,1.66,0.68,69.19
57,60,Leeds United,English League Championship,1.79,0.8,68.68
58,58,Club Brugge,Belgian Jupiler League,1.84,0.84,68.44
59,57,Espanyol,Spanish Primera Division,1.77,0.79,68.34
60,63,Palmeiras,Brasileiro Série A,1.79,0.83,67.88
61,64,AS Monaco,French Ligue 1,1.96,0.97,67.69
62,62,Fiorentina,Italy Serie A,1.77,0.83,67.37
63,66,Marseille,French Ligue 1,1.71,0.8,67.12
64,67,Dynamo Kiev,UEFA Europa League,1.97,1.01,67.02
65,61,Valencia,Spanish Primera Division,1.86,0.92,66.97
66,68,FC Krasnodar,Russian Premier Liga,1.72,0.81,66.94
67,69,AZ,Dutch Eredivisie,1.9,0.95,66.93
68,65,Hertha Berlin,German Bundesliga,1.91,0.96,66.92
69,71,Brentford,English League Championship,1.72,0.82,66.73
70,70,Stade Rennes,French Ligue 1,1.6,0.73,66.62
71,74,Basel,Swiss Raiffeisen Super League,1.98,1.03,66.5
72,73,LASK Linz,Austrian T-Mobile Bundesliga,1.98,1.03,66.47
73,72,West Ham United,Barclays Premier League,1.86,0.97,65.78
74,75,Grêmio,Brasileiro Série A,1.79,0.92,65.63
75,79,Levante,Spanish Primera Division,1.89,1.0,65.54
76,76,River Plate,Argentina Primera Division,1.74,0.88,65.48
77,77,Dinamo Zagreb,UEFA Champions League,2.05,1.14,65.45
78,82,SC Freiburg,German Bundesliga,1.96,1.07,65.43
79,97,Werder Bremen,German Bundesliga,1.82,0.98,64.98
80,78,Mainz,German Bundesliga,1.91,1.05,64.9
81,80,PSV,Dutch Eredivisie,1.87,1.04,64.48
82,59,FC Cologne,German Bundesliga,1.95,1.1,64.37
83,88,PAOK Salonika,Greek Super League,1.7,0.9,64.31
84,84,Bologna,Italy Serie A,1.8,0.99,64.09
85,91,Sassuolo,Italy Serie A,1.97,1.13,64.0
86,83,Istanbul Basaksehir,Turkish Turkcell Super Lig,1.72,0.93,63.88
87,85,Alavés,Spanish Primera Division,1.63,0.87,63.67
88,81,Newcastle,Barclays Premier League,1.64,0.87,63.67
89,89,AFC Bournemouth,Barclays Premier League,1.77,0.99,63.65
90,90,Slavia Prague,UEFA Champions League,1.92,1.13,63.19
91,95,Sporting CP,Portuguese Liga,1.62,0.9,62.71
92,93,Braga,Portuguese Liga,1.78,1.04,62.7
93,92,Strasbourg,French Ligue 1,1.57,0.86,62.68
94,104,Young Boys,Swiss Raiffeisen Super League,2.08,1.29,62.58
95,94,1. FC Union Berlin,German Bundesliga,1.7,0.97,62.53
96,96,Real Valladolid,Spanish Primera Division,1.52,0.82,62.39
97,110,Aston Villa,Barclays Premier League,1.8,1.07,62.3
98,86,Trabzonspor,Turkish Turkcell Super Lig,1.95,1.19,62.26
99,87,Verona,Italy Serie A,1.66,0.95,62.07
100,112,Lokomotiv Moscow,Russian Premier Liga,1.63,0.94,61.98
101,98,Guangzhou Evergrande,Chinese Super League,1.87,1.15,61.79
102,99,Bordeaux,French Ligue 1,1.5,0.84,61.76
103,111,FC Midtjylland,Danish SAS-Ligaen,1.66,0.98,61.61
104,102,Montpellier,French Ligue 1,1.56,0.89,61.55
105,103,Angers,French Ligue 1,1.4,0.76,61.51
106,100,FC Augsburg,German Bundesliga,1.7,1.02,61.4
107,106,Galatasaray,Turkish Turkcell Super Lig,1.75,1.07,61.38
108,105,Guimaraes,Portuguese Liga,1.63,0.96,61.28
109,108,Santos,Brasileiro Série A,1.58,0.93,61.02
110,109,Nantes,French Ligue 1,1.5,0.86,60.98
111,101,Sampdoria,Italy Serie A,1.72,1.07,60.73
112,113,Mallorca,Spanish Primera Division,1.68,1.05,60.36
113,114,Reims,French Ligue 1,1.36,0.77,60.28
114,115,Boca Juniors,Argentina Primera Division,1.47,0.87,60.25
115,120,Norwich City,Barclays Premier League,1.6,0.99,59.93
116,118,Fortuna Düsseldorf,German Bundesliga,1.69,1.08,59.75
117,121,KAA Gent,Belgian Jupiler League,1.8,1.18,59.67
118,107,Schalke 04,German Bundesliga,1.63,1.03,59.6
119,119,West Bromwich Albion,English League Championship,1.51,0.92,59.58
120,122,Feyenoord,Dutch Eredivisie,1.9,1.29,59.31
121,123,CSKA Moscow,Russian Premier Liga,1.47,0.9,59.22
122,132,Udinese,Italy Serie A,1.55,0.98,59.04
123,124,Ludogorets,UEFA Europa League,1.65,1.08,58.74
124,137,Besiktas,Turkish Turkcell Super Lig,1.82,1.25,58.55
125,117,Rapid Vienna,Austrian T-Mobile Bundesliga,1.8,1.24,58.45
126,125,Shanghai SIPG,Chinese Super League,1.69,1.13,58.37
127,126,Beijing Guoan,Chinese Super League,1.76,1.21,58.34
128,128,Rangers,Scottish Premiership,1.62,1.08,58.25
129,129,Sporting de Charleroi,Belgian Jupiler League,1.55,1.02,58.19
130,130,Nice,French Ligue 1,1.57,1.04,58.14
131,116,Genoa,Italy Serie A,1.77,1.22,58.12
132,131,São Paulo,Brasileiro Série A,1.45,0.94,58.05
133,127,Cagliari,Italy Serie A,1.73,1.19,58.05
134,147,Parma,Italy Serie A,1.62,1.12,57.22
135,134,Tigres UANL,Mexican Primera Division Torneo Clausura,1.54,1.05,57.21
136,135,Los Angeles FC,Major League Soccer,1.98,1.46,57.05
137,133,FC Copenhagen,Danish SAS-Ligaen,1.62,1.13,57.01
138,150,Rio Ave,Portuguese Liga,1.47,1.0,56.85
139,136,Anderlecht,Belgian Jupiler League,1.53,1.05,56.78
140,157,Wolfsberger AC,Austrian T-Mobile Bundesliga,1.72,1.23,56.74
141,140,Red Star Belgrade,UEFA Champions League,1.92,1.43,56.48
142,141,Monterrey,Mexican Primera Division Torneo Clausura,1.59,1.13,56.38
143,138,Spartak Moscow,Russian Premier Liga,1.36,0.92,56.38
144,142,St Etienne,French Ligue 1,1.42,0.98,56.16
145,144,Atlético Paranaense,Brasileiro Série A,1.39,0.95,56.11
146,145,Apoel Nicosia,UEFA Europa League,1.55,1.11,56.09
147,143,AEK Athens,Greek Super League,1.41,0.97,56.08
148,146,Malmo FF,Swedish Allsvenskan,1.59,1.15,56.04
149,148,Internacional,Brasileiro Série A,1.5,1.06,55.9
150,149,Dijon FCO,French Ligue 1,1.43,1.01,55.76
151,156,Molde,Norwegian Tippeligaen,1.93,1.48,55.71
152,152,Corinthians,Brasileiro Série A,1.42,1.01,55.51
153,151,Torino,Italy Serie A,1.61,1.19,55.48
154,153,Nimes,French Ligue 1,1.52,1.11,55.21
155,154,Brest,French Ligue 1,1.52,1.12,55.03
156,155,Cruz Azul,Mexican Primera Division Torneo Clausura,1.64,1.23,54.92
157,159,Ferencvaros,UEFA Europa League,1.59,1.22,54.14
158,160,Amiens,French Ligue 1,1.38,1.03,54.01
159,167,SC Paderborn,German Bundesliga,1.62,1.28,53.63
160,158,Fulham,English League Championship,1.43,1.09,53.63
161,162,Yokohama F. Marinos,Japanese J League,1.76,1.42,53.62
162,163,Velez Sarsfield,Argentina Primera Division,1.22,0.9,53.34
163,164,Club América,Mexican Primera Division Torneo Clausura,1.46,1.13,53.26
164,165,Stoke City,English League Championship,1.38,1.07,53.01
165,170,IFK Norrkoping,Swedish Allsvenskan,1.7,1.39,52.81
166,168,Metz,French Ligue 1,1.33,1.03,52.71
167,169,FK Partizan Belgrade,UEFA Europa League,1.51,1.21,52.7
168,166,Spal,Italy Serie A,1.48,1.18,52.7
169,171,Genk,Belgian Jupiler League,1.69,1.39,52.59
170,173,FC Utrecht,Dutch Eredivisie,1.55,1.26,52.48
171,139,St Gallen,Swiss Raiffeisen Super League,1.87,1.57,52.41
172,172,Sochi,Russian Premier Liga,1.48,1.2,52.32
173,174,FK Qarabag,UEFA Europa League,1.44,1.16,52.29
174,181,Cardiff City,English League Championship,1.45,1.17,52.13
175,183,Rostov,Russian Premier Liga,1.57,1.3,52.04
176,176,Millwall,English League Championship,1.27,1.01,51.84
177,177,Defensa y Justicia,Argentina Primera Division,1.28,1.02,51.81
178,178,Atletico Mineiro,Brasileiro Série A,1.41,1.16,51.72
179,182,Antwerp,Belgian Jupiler League,1.41,1.16,51.49
180,161,VfB Stuttgart,German 2. Bundesliga,1.64,1.39,51.43
181,201,Brondby,Danish SAS-Ligaen,1.58,1.34,51.32
182,185,Jiangsu Suning FC,Chinese Super League,1.5,1.26,51.28
183,186,Kawasaki Frontale,Japanese J League,1.48,1.25,51.15
184,179,FC Arsenal Tula,Russian Premier Liga,1.34,1.11,51.02
185,189,Fenerbahce,Turkish Turkcell Super Lig,1.61,1.39,50.96
186,187,Fluminense,Brasileiro Série A,1.36,1.14,50.9
187,188,León,Mexican Primera Division Torneo Clausura,1.56,1.34,50.88
188,190,Santos Laguna,Mexican Primera Division Torneo Clausura,1.51,1.29,50.83
189,191,CFR 1907 Cluj,UEFA Europa League,1.49,1.27,50.79
190,193,FC Astana,UEFA Europa League,1.54,1.33,50.65
191,195,Vitesse,Dutch Eredivisie,1.7,1.49,50.51
192,196,Standard Liege,Belgian Jupiler League,1.44,1.24,50.48
193,197,Vasco da Gama,Brasileiro Série A,1.35,1.16,50.06
194,199,Shandong Luneng,Chinese Super League,1.6,1.43,49.81
195,202,Derby County,English League Championship,1.48,1.3,49.79
196,175,Sivasspor,Turkish Turkcell Super Lig,1.54,1.37,49.78
197,194,Swansea City,English League Championship,1.39,1.22,49.59
198,212,Wigan,English League Championship,1.22,1.05,49.57
199,184,FC Nordsjaelland,Danish SAS-Ligaen,1.53,1.37,49.51
200,203,CA Independiente,Argentina Primera Division,1.2,1.04,49.46
201,218,Santa Clara,Portuguese Liga,1.3,1.14,49.37
202,206,Alanyaspor,Turkish Turkcell Super Lig,1.41,1.25,49.35
203,204,Pachuca,Mexican Primera Division Torneo Clausura,1.43,1.27,49.33
204,200,Queens Park Rangers,English League Championship,1.45,1.3,49.21
205,198,Blackburn,English League Championship,1.3,1.16,48.81
206,192,Hammarby,Swedish Allsvenskan,1.74,1.62,48.78
207,180,AGF Aarhus,Danish SAS-Ligaen,1.54,1.41,48.74
208,211,FC Ufa,Russian Premier Liga,0.95,0.79,48.73
209,235,Djurgardens IF,Swedish Allsvenskan,1.39,1.26,48.71
210,207,Dinamo Moscow,Russian Premier Liga,1.12,0.98,48.64
211,205,Servette,Swiss Raiffeisen Super League,1.46,1.34,48.59
212,209,Newell's Old Boys,Argentina Primera Division,1.24,1.11,48.58
213,210,Toulouse,French Ligue 1,1.38,1.25,48.56
214,224,Nottingham Forest,English League Championship,1.3,1.17,48.51
215,213,Racing Club,Argentina Primera Division,1.18,1.06,48.4
216,215,Bahía,Brasileiro Série A,1.28,1.17,48.12
217,208,Preston North End,English League Championship,1.25,1.14,48.04
218,214,Birmingham,English League Championship,1.4,1.32,47.59
219,219,Kashima Antlers,Japanese J League,1.27,1.19,47.56
220,220,Rosenborg,Norwegian Tippeligaen,1.5,1.46,46.91
221,222,Panathinaikos,Greek Super League,1.08,1.01,46.84
222,223,Brescia,Italy Serie A,1.45,1.41,46.82
223,225,Toronto FC,Major League Soccer,1.5,1.47,46.71
224,216,Aris Salonika,Greek Super League,1.42,1.39,46.64
225,234,AIK,Swedish Allsvenskan,1.35,1.32,46.38
226,226,Atlanta United FC,Major League Soccer,1.41,1.38,46.35
227,228,Ceará,Brasileiro Série A,1.23,1.19,46.29
228,217,Lecce,Italy Serie A,1.62,1.62,46.25
229,229,Morelia,Mexican Primera Division Torneo Clausura,1.43,1.42,46.04
230,230,Philadelphia Union,Major League Soccer,1.51,1.51,46.0
231,232,PFC Oleksandriya,UEFA Europa League,1.33,1.33,45.69
232,233,Lanus,Argentina Primera Division,1.28,1.27,45.68
233,221,Huddersfield Town,English League Championship,1.29,1.29,45.64
234,237,Famalicao,Portuguese Liga,1.27,1.27,45.61
235,227,FC Tambov,Russian Premier Liga,1.24,1.24,45.49
236,236,Gil Vicente,Portuguese Liga,1.18,1.18,45.26
237,244,Portimonense,Portuguese Liga,1.2,1.21,45.26
238,245,Sheffield Wednesday,English League Championship,1.26,1.28,45.12
239,238,Fortaleza,Brasileiro Série A,1.27,1.29,45.02
240,240,Heracles,Dutch Eredivisie,1.46,1.5,44.93
241,247,Middlesbrough,English League Championship,1.24,1.26,44.86
242,241,New York City FC,Major League Soccer,1.42,1.46,44.86
243,242,Talleres de Córdoba,Argentina Primera Division,1.21,1.23,44.82
244,246,Slovan Bratislava,UEFA Europa League,1.26,1.3,44.65
245,249,Willem II,Dutch Eredivisie,1.54,1.61,44.49
246,243,Reading,English League Championship,1.2,1.24,44.48
247,253,Barnsley,English League Championship,1.2,1.25,44.43
248,250,Guadalajara,Mexican Primera Division Torneo Clausura,1.3,1.35,44.41
249,252,Inter Miami CF,Major League Soccer,1.35,1.42,44.25
250,254,Seattle Sounders FC,Major League Soccer,1.42,1.51,44.11
251,248,Moreirense,Portuguese Liga,1.26,1.32,44.09
252,255,Necaxa,Mexican Primera Division Torneo Clausura,1.29,1.35,44.09
253,251,Bristol City,English League Championship,1.32,1.4,43.92
254,261,Terek Grozny,Russian Premier Liga,1.09,1.14,43.83
255,262,Pumas Unam,Mexican Primera Division Torneo Clausura,1.33,1.43,43.43
256,259,Pacos Ferreira,Portuguese Liga,1.19,1.28,43.4
257,263,Gazovik Orenburg,Russian Premier Liga,1.3,1.4,43.38
258,264,Lorient,French Ligue 2,1.28,1.39,43.35
259,239,FC Luzern,Swiss Raiffeisen Super League,1.34,1.45,43.35
260,294,Arminia Bielefeld,German 2. Bundesliga,1.22,1.32,43.29
261,265,Bragantino,Brasileiro Série A,1.27,1.38,43.0
262,231,FK Austria Vienna,Austrian T-Mobile Bundesliga,1.41,1.55,42.89
263,260,Boavista,Portuguese Liga,1.0,1.08,42.87
264,266,Argentinos Juniors,Argentina Primera Division,1.0,1.08,42.87
265,316,AaB,Danish SAS-Ligaen,1.35,1.49,42.78
266,267,Rosario Central,Argentina Primera Division,1.15,1.27,42.73
267,268,Querétaro,Mexican Primera Division Torneo Clausura,1.22,1.35,42.72
268,269,FC Groningen,Dutch Eredivisie,0.93,1.01,42.7
269,289,Bodo/Glimt,Norwegian Tippeligaen,1.63,1.8,42.69
270,270,Estudiantes,Argentina Primera Division,1.0,1.1,42.6
271,271,Goiás,Brasileiro Série A,1.29,1.43,42.55
272,256,Rubin Kazan,Russian Premier Liga,0.85,0.92,42.49
273,272,Cerezo Osaka,Japanese J League,0.96,1.06,42.37
274,273,Heerenveen,Dutch Eredivisie,1.51,1.69,42.37
275,284,Ural Sverdlovsk Oblast,Russian Premier Liga,1.29,1.44,42.35
276,287,FC Lugano,Swiss Raiffeisen Super League,1.08,1.21,42.26
277,283,Goztepe,Turkish Turkcell Super Lig,1.22,1.37,42.22
278,258,Almeria,Spanish Segunda Division,1.14,1.28,42.15
279,274,Chicago Fire,Major League Soccer,1.42,1.6,42.14
280,275,Los Angeles Galaxy,Major League Soccer,1.69,1.9,42.1
281,276,KV Mechelen,Belgian Jupiler League,1.34,1.51,42.09
282,277,KV Kortrijk,Belgian Jupiler League,1.29,1.46,42.02
283,278,Minnesota United FC,Major League Soccer,1.4,1.58,41.98
284,279,Arsenal Sarandi,Argentina Primera Division,1.28,1.45,41.78
285,280,Cashpoint SC Rheindorf Altach,Austrian T-Mobile Bundesliga,1.25,1.43,41.7
286,301,Hannover 96,German 2. Bundesliga,1.3,1.48,41.7
287,285,Tianjin Teda,Chinese Super League,1.28,1.47,41.44
288,288,Sparta,Dutch Eredivisie,1.47,1.69,41.33
289,281,Gazisehir Gaziantep,Turkish Turkcell Super Lig,1.28,1.48,41.3
290,282,Rayo Vallecano,Spanish Segunda Division,1.1,1.27,41.26
291,290,Atlético Tucumán,Argentina Primera Division,1.07,1.24,41.23
292,291,Arizona United,United Soccer League,1.47,1.7,41.22
293,292,Coritiba,Brasileiro Série A,1.22,1.42,41.08
294,293,San Lorenzo,Argentina Primera Division,1.14,1.33,40.96
295,286,Benevento,Italy Serie B,1.09,1.27,40.91
296,297,FC Dallas,Major League Soccer,1.36,1.6,40.7
297,299,Sanfrecce Hiroshima,Japanese J League,1.03,1.22,40.64
298,307,Hull City,English League Championship,1.32,1.55,40.61
299,300,Botafogo,Brasileiro Série A,1.1,1.31,40.5
300,257,Hamburg SV,German 2. Bundesliga,1.33,1.58,40.49
301,309,Real Zaragoza,Spanish Segunda Division,1.16,1.37,40.47
302,303,Patronato,Argentina Primera Division,1.2,1.43,40.35
303,304,Gimnasia La Plata,Argentina Primera Division,0.98,1.17,40.3
304,305,Mouscron-Peruwelz,Belgian Jupiler League,1.19,1.42,40.27
305,306,Tijuana,Mexican Primera Division Torneo Clausura,1.17,1.39,40.27
306,370,FC Zurich,Swiss Raiffeisen Super League,1.36,1.62,40.27
307,308,Sport Recife,Brasileiro Série A,1.19,1.43,40.01
308,310,Lens,French Ligue 2,1.02,1.23,39.84
309,295,Girona FC,Spanish Segunda Division,1.02,1.23,39.83
310,302,Maritimo,Portuguese Liga,1.07,1.29,39.82
311,318,Tondela,Portuguese Liga,1.06,1.29,39.75
312,298,SK Sturm Graz,Austrian T-Mobile Bundesliga,1.24,1.51,39.68
313,311,Perth Glory,Australian A-League,1.29,1.57,39.67
314,312,Banfield,Argentina Primera Division,0.98,1.2,39.66
315,313,Guingamp,French Ligue 2,1.19,1.46,39.62
316,314,Kasimpasa,Turkish Turkcell Super Lig,1.4,1.7,39.61
317,315,Gamba Osaka,Japanese J League,1.33,1.62,39.58
318,317,Vissel Kobe,Japanese J League,1.6,1.94,39.43
319,319,FC Tokyo,Japanese J League,0.98,1.21,39.39
320,320,Atlético San Luis,Mexican Primera Division Torneo Clausura,1.15,1.41,39.37
321,372,SV Sandhausen,German 2. Bundesliga,1.29,1.59,39.32
322,321,New York Red Bulls,Major League Soccer,1.39,1.71,39.26
323,334,Krylia Sovetov,Russian Premier Liga,1.12,1.39,39.18
324,322,Union Santa Fe,Argentina Primera Division,1.0,1.25,39.16
325,323,Sporting Kansas City,Major League Soccer,1.4,1.73,39.15
326,325,FC Juárez,Mexican Primera Division Torneo Clausura,1.24,1.54,39.0
327,326,Atlético Goianiense,Brasileiro Série A,1.16,1.45,38.9
328,327,Troyes,French Ligue 2,1.0,1.26,38.84
329,328,Columbus Crew,Major League Soccer,1.14,1.43,38.75
330,329,Shanghai Greenland,Chinese Super League,1.34,1.68,38.68
331,324,Belenenses,Portuguese Liga,1.03,1.31,38.57
332,331,Henan Jianye,Chinese Super League,1.25,1.57,38.55
333,333,Atlas,Mexican Primera Division Torneo Clausura,1.12,1.43,38.4
334,344,Charlton Athletic,English League Championship,1.11,1.42,38.33
335,335,Sydney FC,Australian A-League,1.23,1.57,38.22
336,336,Portland Timbers,Major League Soccer,1.38,1.75,38.16
337,337,Hebei China Fortune FC,Chinese Super League,1.29,1.65,38.14
338,338,Real Salt Lake,Major League Soccer,1.01,1.31,38.12
339,339,Mamelodi Sundowns,South African ABSA Premier League,0.98,1.26,38.09
340,345,Sporting Gijón,Spanish Segunda Division,0.84,1.1,38.03
341,352,Odense BK,Danish SAS-Ligaen,1.11,1.43,38.03
342,340,Toluca,Mexican Primera Division Torneo Clausura,1.21,1.55,38.03
343,341,Huracán,Argentina Primera Division,0.95,1.24,37.93
344,342,New England Revolution,Major League Soccer,1.36,1.74,37.85
345,346,Puebla,Mexican Primera Division Torneo Clausura,1.0,1.32,37.71
346,347,Clermont Foot,French Ligue 2,1.01,1.32,37.68
347,350,Yeni Malatyaspor,Turkish Turkcell Super Lig,1.28,1.65,37.66
348,296,Randers FC,Danish SAS-Ligaen,1.2,1.56,37.65
349,348,Wuhan Zall,Chinese Super League,1.17,1.53,37.62
350,353,San Jose Earthquakes,Major League Soccer,1.38,1.79,37.45
351,354,PEC Zwolle,Dutch Eredivisie,1.35,1.75,37.41
352,332,Vitoria Setubal,Portuguese Liga,0.98,1.3,37.38
353,401,Tenerife,Spanish Segunda Division,0.98,1.3,37.36
354,343,BK Hacken,Swedish Allsvenskan,1.12,1.48,37.34
355,356,St. Truidense,Belgian Jupiler League,1.2,1.57,37.34
356,357,Colorado Rapids,Major League Soccer,1.34,1.75,37.32
357,355,SD Huesca,Spanish Segunda Division,1.11,1.46,37.28
358,359,Central Córdoba Santiago del Estero,Argentina Primera Division,1.0,1.34,37.16
359,361,SV Zulte Waregem,Belgian Jupiler League,1.32,1.74,37.11
360,384,SV Darmstadt 98,German 2. Bundesliga,1.15,1.54,36.94
361,375,Antalyaspor,Turkish Turkcell Super Lig,1.16,1.55,36.86
362,363,Dalian Aerbin,Chinese Super League,1.29,1.73,36.66
363,330,Cadiz,Spanish Segunda Division,0.93,1.28,36.6
364,364,Kaizer Chiefs,South African ABSA Premier League,1.01,1.39,36.44
365,349,Elche,Spanish Segunda Division,1.02,1.41,36.32
366,366,FC Twente,Dutch Eredivisie,1.22,1.66,36.17
367,365,Asteras Tripolis,Greek Super League,0.93,1.3,36.1
368,360,Atromitos,Greek Super League,0.93,1.31,35.97
369,367,Peterborough United,English League One,1.23,1.69,35.85
370,368,Aberdeen,Scottish Premiership,1.09,1.52,35.81
371,388,Málaga,Spanish Segunda Division,0.75,1.08,35.77
372,369,Le Havre,French Ligue 2,0.95,1.35,35.74
373,380,Luton Town,English League Championship,1.06,1.49,35.71
374,351,Caykur Rizespor,Turkish Turkcell Super Lig,1.19,1.64,35.68
375,371,Caen,French Ligue 2,1.08,1.52,35.56
376,358,Hartberg,Austrian T-Mobile Bundesliga,1.41,1.95,35.23
377,373,Emmen,Dutch Eredivisie,1.18,1.66,35.14
378,374,F91 Dudelange,UEFA Europa League,1.4,1.94,35.14
379,376,AC Ajaccio,French Ligue 2,0.88,1.29,34.91
380,379,Chongqing Lifan,Chinese Super League,1.08,1.56,34.78
381,362,1. FC Heidenheim 1846,German 2. Bundesliga,1.02,1.49,34.72
382,382,Melbourne City,Australian A-League,1.19,1.7,34.57
383,377,FC Sion,Swiss Raiffeisen Super League,1.13,1.64,34.42
384,383,Holstein Kiel,German 2. Bundesliga,1.26,1.8,34.41
385,385,Orlando City SC,Major League Soccer,1.17,1.71,34.11
386,387,1. FC Nürnberg,German 2. Bundesliga,1.05,1.56,33.99
387,389,Genclerbirligi,Turkish Turkcell Super Lig,1.08,1.62,33.74
388,390,Guangzhou RF,Chinese Super League,1.44,2.07,33.73
389,391,Orlando Pirates,South African ABSA Premier League,0.98,1.48,33.73
390,394,DC United,Major League Soccer,1.11,1.66,33.65
391,395,Aldosivi,Argentina Primera Division,0.86,1.33,33.63
392,381,IFK Goteborg,Swedish Allsvenskan,1.1,1.65,33.53
393,396,Tianjin Quanujian,Chinese Super League,1.16,1.73,33.51
394,392,VfL Osnabruck,German 2. Bundesliga,1.14,1.71,33.46
395,399,Consadole Sapporo,Japanese J League,1.15,1.72,33.38
396,378,Konyaspor,Turkish Turkcell Super Lig,0.85,1.33,33.29
397,400,Houston Dynamo,Major League Soccer,1.16,1.74,33.25
398,398,OFI Crete,Greek Super League,0.96,1.48,33.14
399,402,Oxford United,English League One,1.07,1.64,33.11
400,403,Crotone,Italy Serie B,1.01,1.57,32.83
401,480,Odd BK,Norwegian Tippeligaen,1.15,1.76,32.76
402,404,ADO Den Haag,Dutch Eredivisie,1.21,1.83,32.74
403,405,Shenzhen FC,Chinese Super League,1.19,1.81,32.64
404,412,AD Alcorcon,Spanish Segunda Division,0.91,1.45,32.53
405,422,Thun,Swiss Raiffeisen Super League,1.2,1.84,32.47
406,386,Mirandes,Spanish Segunda Division,1.13,1.75,32.42
407,410,Kristiansund BK,Norwegian Tippeligaen,1.17,1.81,32.31
408,414,Karlsruher SC,German 2. Bundesliga,1.09,1.7,32.31
409,397,SD Ponferradina,Spanish Segunda Division,0.86,1.39,32.31
410,433,Cittadella,Italy Serie B,0.93,1.5,31.99
411,408,Montreal Impact,Major League Soccer,1.14,1.79,31.91
412,409,Sunderland,English League One,0.9,1.47,31.75
413,406,SpVgg Greuther Fürth,German 2. Bundesliga,1.02,1.65,31.75
414,393,Neuchatel Xamax,Swiss Raiffeisen Super League,1.07,1.72,31.66
415,437,Deportivo La Coruña,Spanish Segunda Division,0.89,1.48,31.54
416,418,Denizlispor,Turkish Turkcell Super Lig,0.96,1.57,31.53
417,411,Desportivo Aves,Portuguese Liga,0.91,1.51,31.49
418,413,Cercle Brugge,Belgian Jupiler League,1.05,1.7,31.46
419,431,Ankaragucu,Turkish Turkcell Super Lig,0.97,1.6,31.24
420,417,Las Palmas,Spanish Segunda Division,0.79,1.36,31.16
421,419,Livingston,Scottish Premiership,1.01,1.66,31.15
422,439,Larissa,Greek Super League,0.84,1.43,31.09
423,436,Spezia,Italy Serie B,0.9,1.51,31.05
424,423,Portsmouth,English League One,0.98,1.62,31.05
425,424,Rotherham United,English League One,1.09,1.77,31.02
426,421,Real Oviedo,Spanish Segunda Division,0.84,1.44,31.02
427,407,VfL Bochum,German 2. Bundesliga,1.0,1.67,30.82
428,415,SV Mattersburg,Austrian T-Mobile Bundesliga,1.05,1.73,30.8
429,425,Newcastle Jets,Australian A-League,1.15,1.87,30.79
430,428,Hibernian,Scottish Premiership,1.06,1.77,30.48
431,429,Valenciennes,French Ligue 2,0.8,1.4,30.47
432,430,Eupen,Belgian Jupiler League,1.04,1.74,30.42
433,416,Frosinone,Italy Serie B,0.81,1.42,30.37
434,420,IF Elfsborg,Swedish Allsvenskan,0.99,1.67,30.3
435,472,AC Horsens,Danish SAS-Ligaen,0.93,1.6,30.29
436,442,Sonderjyske,Danish SAS-Ligaen,0.98,1.67,30.14
437,432,Fuenlabrada,Spanish Segunda Division,0.72,1.32,30.01
438,434,Wellington Phoenix,Australian A-League,1.13,1.89,29.95
439,435,Colon Santa Fe,Argentina Primera Division,0.83,1.48,29.95
440,426,Silkeborg,Danish SAS-Ligaen,1.08,1.82,29.94
441,464,Kayserispor,Turkish Turkcell Super Lig,1.15,1.93,29.81
442,438,Godoy Cruz,Argentina Primera Division,0.94,1.64,29.76
443,427,Jahn Regensburg,German 2. Bundesliga,1.09,1.85,29.72
444,440,Kilmarnock,Scottish Premiership,0.91,1.6,29.68
445,441,SuperSport United,South African ABSA Premier League,0.81,1.46,29.64
446,443,VVV Venlo,Dutch Eredivisie,1.04,1.8,29.59
447,444,Vegalta Sendai,Japanese J League,0.88,1.57,29.56
448,446,Coventry City,English League One,0.83,1.49,29.55
449,454,Hobro IK,Danish SAS-Ligaen,0.89,1.59,29.4
450,449,Auxerre,French Ligue 2,0.77,1.42,29.4
451,447,FC Trenkwalder Admira,Austrian T-Mobile Bundesliga,1.0,1.75,29.34
452,450,Motherwell,Scottish Premiership,0.92,1.64,29.13
453,451,Fortuna Sittard,Dutch Eredivisie,1.04,1.81,29.12
454,455,Stabaek,Norwegian Tippeligaen,0.93,1.68,28.91
455,504,St. Pölten,Austrian T-Mobile Bundesliga,1.05,1.86,28.66
456,468,Erzgebirge Aue,German 2. Bundesliga,0.93,1.7,28.46
457,456,Urawa Red Diamonds,Japanese J League,0.96,1.74,28.44
458,452,SK Brann,Norwegian Tippeligaen,0.91,1.68,28.43
459,457,Bidvest Wits,South African ABSA Premier League,0.74,1.44,28.42
460,445,Viking FK,Norwegian Tippeligaen,1.1,1.95,28.41
461,453,Esbjerg,Danish SAS-Ligaen,1.02,1.84,28.25
462,459,AS Nancy Lorraine,French Ligue 2,0.73,1.42,28.24
463,473,Albacete,Spanish Segunda Division,0.67,1.35,28.07
464,461,Nagoya Grampus Eight,Japanese J League,1.01,1.84,28.06
465,448,Lamia,Greek Super League,0.63,1.28,27.99
466,462,RKC,Dutch Eredivisie,1.04,1.89,27.95
467,463,Indy Eleven,United Soccer League,0.95,1.76,27.92
468,465,Tampa Bay Rowdies,United Soccer League,0.96,1.79,27.74
469,460,Numancia,Spanish Segunda Division,0.79,1.53,27.72
470,466,Miami FC,United Soccer League,1.06,1.93,27.69
471,478,Haugesund,Norwegian Tippeligaen,0.99,1.83,27.64
472,469,Chievo Verona,Italy Serie B,0.78,1.53,27.58
473,470,Western Sydney FC,Australian A-League,1.09,1.99,27.53
474,471,Nashville SC,Major League Soccer,0.86,1.65,27.53
475,474,Doncaster Rovers,English League One,0.84,1.65,27.3
476,475,San Antonio FC,United Soccer League,1.1,2.02,27.27
477,476,Panetolikos,Greek Super League,0.8,1.58,27.23
478,467,Lyngby,Danish SAS-Ligaen,0.89,1.71,27.2
479,498,SV Wehen Wiesbaden,German 2. Bundesliga,1.11,2.04,27.09
480,458,FC St. Pauli,German 2. Bundesliga,0.96,1.84,26.99
481,479,Extremadura UD,Spanish Segunda Division,0.74,1.51,26.92
482,481,Guizhou Renhe,Chinese Super League,0.94,1.82,26.81
483,483,Fleetwood Town,English League One,0.81,1.62,26.75
484,485,Orange County SC,United Soccer League,0.96,1.85,26.69
485,486,Melbourne Victory,Australian A-League,1.08,2.03,26.62
486,494,Stromsgodset,Norwegian Tippeligaen,1.05,1.99,26.61
487,487,Louisville City FC,United Soccer League,0.96,1.87,26.54
488,477,WSG Swarovski Wattens,Austrian T-Mobile Bundesliga,0.98,1.89,26.52
489,488,Adelaide United,Australian A-League,1.15,2.14,26.51
490,489,KV Oostende,Belgian Jupiler League,0.97,1.88,26.49
491,492,Shimizu S-Pulse,Japanese J League,1.07,2.03,26.23
492,493,FC Xanthi,Greek Super League,0.62,1.38,26.18
493,484,Empoli,Italy Serie B,0.8,1.67,25.88
494,491,Racing Santander,Spanish Segunda Division,0.76,1.61,25.82
495,495,Chambly Thelle FC,French Ligue 2,0.76,1.61,25.81
496,496,Grenoble,French Ligue 2,0.73,1.56,25.8
497,482,Valerenga,Norwegian Tippeligaen,0.93,1.88,25.71
498,501,Dynamo Dresden,German 2. Bundesliga,0.84,1.74,25.7
499,497,Rodez,French Ligue 2,0.76,1.61,25.61
500,506,Cremonese,Italy Serie B,0.79,1.67,25.6
501,499,Brisbane Roar,Australian A-League,0.91,1.85,25.41
502,500,Western United,Australian A-League,1.01,2.01,25.37
503,502,Oita Trinita,Japanese J League,0.65,1.48,25.06
504,490,Lugo,Spanish Segunda Division,0.66,1.49,25.05
505,503,Vancouver Whitecaps,Major League Soccer,0.92,1.9,25.01
506,505,Veracruz,Mexican Primera Division Torneo Apertura,0.87,1.83,24.89
507,507,Sochaux,French Ligue 2,0.68,1.55,24.74
508,509,Reno 1868 FC,United Soccer League,0.98,2.02,24.53
509,510,Paris FC,French Ligue 2,0.69,1.58,24.49
510,523,IK Sirius,Swedish Allsvenskan,0.89,1.91,24.35
511,511,Black Aces,South African ABSA Premier League,0.81,1.78,24.28
512,512,Le Mans,French Ligue 2,0.83,1.82,24.08
513,513,Maritzburg Utd,South African ABSA Premier League,0.56,1.39,24.05
514,514,Sagan Tosu,Japanese J League,0.74,1.69,24.05
515,519,Virtus Entella,Italy Serie B,0.78,1.76,23.97
516,516,Ipswich Town,English League One,0.71,1.65,23.91
517,518,Orebro SK,Swedish Allsvenskan,0.87,1.9,23.84
518,517,FC Cincinnati,Major League Soccer,0.92,1.99,23.81
519,508,Volos NFC,Greek Super League,0.71,1.65,23.74
520,520,Chateauroux,French Ligue 2,0.72,1.69,23.5
521,521,Waasland-Beveren,Belgian Jupiler League,0.86,1.92,23.38
522,522,Sacramento Republic FC,United Soccer League,0.85,1.92,23.23
523,541,Panionios,Greek Super League,0.59,1.51,23.16
524,524,Cosenza,Italy Serie B,0.68,1.66,23.01
525,525,Gillingham,English League One,0.66,1.64,22.95
526,526,Austin Bold FC,United Soccer League,0.85,1.93,22.94
527,527,St Johnstone,Scottish Premiership,0.7,1.7,22.91
528,529,Pittsburgh Riverhounds,United Soccer League,0.78,1.83,22.77
529,530,Hearts,Scottish Premiership,0.83,1.92,22.76
530,532,Bloem Celtic,South African ABSA Premier League,0.8,1.9,22.37
531,533,Shonan Bellmare,Japanese J League,0.86,1.99,22.29
532,534,Perugia,Italy Serie B,0.65,1.66,22.08
533,535,Niort,French Ligue 2,0.76,1.87,21.87
534,536,Real Monarchs SLC,United Soccer League,0.91,2.1,21.86
535,538,US Pescara,Italy Serie B,0.76,1.87,21.85
536,537,Saint Louis FC,United Soccer League,0.79,1.92,21.8
537,542,F.B.C Unione Venezia,Italy Serie B,0.66,1.71,21.73
538,528,Salernitana,Italy Serie B,0.62,1.67,21.46
539,550,Trapani,Italy Serie B,0.74,1.87,21.29
540,539,Burton Albion,English League One,0.87,2.09,21.18
541,515,Pordenone Calcio,Italy Serie B,0.69,1.83,20.89
542,540,Sarpsborg,Norwegian Tippeligaen,0.69,1.82,20.81
543,543,Mjondalen,Norwegian Tippeligaen,0.73,1.9,20.7
544,544,St Mirren,Scottish Premiership,0.62,1.71,20.7
545,531,Kalmar FF,Swedish Allsvenskan,0.71,1.89,20.42
546,545,Jubilo Iwata,Japanese J League,0.61,1.73,20.35
547,546,Hamilton Academical,Scottish Premiership,0.75,1.95,20.34
548,551,Östersunds FK,Swedish Allsvenskan,0.74,1.95,20.34
549,547,North Carolina FC,United Soccer League,0.79,2.03,20.3
550,548,Swindon Town,English League Two,0.76,1.98,20.19
551,558,Pisa,Italy Serie B,0.67,1.83,20.19
552,549,Lincoln City,English League One,0.7,1.9,20.12
553,575,Mjallby,Swedish Allsvenskan,0.69,1.9,19.76
554,552,Plymouth Argyle,English League Two,0.71,1.95,19.65
555,553,Orléans,French Ligue 2,0.66,1.88,19.39
556,555,Blackpool,English League One,0.64,1.86,19.26
557,556,Milton Keynes Dons,English League One,0.62,1.82,19.21
558,557,Portland Timbers 2,United Soccer League,0.96,2.4,19.15
559,566,Aalesund,Norwegian Tippeligaen,0.8,2.14,19.03
560,559,Crewe Alexandra,English League Two,0.77,2.09,19.01
561,560,Highlands Park FC,South African ABSA Premier League,0.57,1.75,18.95
562,561,Wycombe Wanderers,English League One,0.64,1.9,18.61
563,554,Livorno,Italy Serie B,0.67,1.97,18.41
564,564,Ross County,Scottish Premiership,0.72,2.07,18.38
565,569,El Paso Locomotive FC,United Soccer League,0.58,1.87,17.78
566,570,New Mexico United,United Soccer League,0.73,2.13,17.77
567,571,Varbergs BoIS FC,Swedish Allsvenskan,0.64,1.98,17.71
568,572,Accrington Stanley,English League One,0.67,2.04,17.61
569,573,Oklahoma City Energy FC,United Soccer League,0.72,2.12,17.58
570,574,San Diego Loyal SC,United Soccer League,0.67,2.05,17.5
571,563,Ascoli,Italy Serie B,0.65,2.01,17.48
572,576,Matsumoto Yamaga FC,Japanese J League,0.39,1.53,17.45
573,578,Golden Arrows,South African ABSA Premier League,0.43,1.63,17.14
574,577,Helsingborgs IF,Swedish Allsvenskan,0.64,2.02,17.12
575,562,IK Start,Norwegian Tippeligaen,0.7,2.15,17.0
576,568,Juve Stabia,Italy Serie B,0.68,2.11,16.91
577,565,Sandefjord,Norwegian Tippeligaen,0.61,1.99,16.72
578,579,Charlotte Independence,United Soccer League,0.66,2.11,16.59
579,592,Northampton Town,English League Two,0.63,2.05,16.56
580,567,Cheltenham Town,English League Two,0.47,1.79,16.06
581,580,Central Coast Mariners,Australian A-League,0.8,2.41,15.92
582,581,LA Galaxy II,United Soccer League,0.73,2.31,15.71
583,582,Charleston Battery,United Soccer League,0.55,1.99,15.58
584,583,Polokwane City FC,South African ABSA Premier League,0.47,1.84,15.52
585,584,Birmingham Legion FC,United Soccer League,0.61,2.12,15.43
586,590,Exeter City,English League Two,0.57,2.08,15.08
587,586,Salford City,English League Two,0.53,2.03,14.7
588,587,Falkenbergs FF,Swedish Allsvenskan,0.55,2.08,14.64
589,588,AFC Wimbledon,English League One,0.48,1.96,14.47
590,585,Colchester United,English League Two,0.5,2.0,14.37
591,589,Rochdale,English League One,0.59,2.2,14.25
592,591,Shrewsbury Town,English League One,0.44,1.9,14.11
593,593,Bristol Rovers,English League One,0.49,2.01,13.99
594,594,Chippa United,South African ABSA Premier League,0.26,1.54,13.92
595,595,AmaZulu,South African ABSA Premier League,0.31,1.68,13.48
596,596,Memphis 901 FC,United Soccer League,0.55,2.22,13.23
597,597,Crawley Town,English League Two,0.49,2.13,12.85
598,598,Baroka FC,South African ABSA Premier League,0.24,1.57,12.84
599,599,Colorado Springs Switchbacks FC,United Soccer League,0.51,2.2,12.62
600,600,Tranmere Rovers,English League One,0.51,2.23,12.43
601,601,New York Red Bulls II,United Soccer League,0.57,2.34,12.42
602,602,Stellenbosch FC,South African ABSA Premier League,0.35,1.89,12.29
603,603,Port Vale,English League Two,0.42,2.07,12.01
604,604,Bradford City,English League Two,0.42,2.07,12.01
605,605,Tulsa Roughnecks,United Soccer League,0.54,2.34,11.88
606,606,Hartford Athletic,United Soccer League,0.62,2.53,11.76
607,607,Black Leopards,South African ABSA Premier League,0.39,2.03,11.75
608,608,Mansfield Town,English League Two,0.54,2.35,11.73
609,609,Loudoun United FC,United Soccer League,0.56,2.41,11.62
610,610,Oldham Athletic,English League Two,0.5,2.35,11.1
611,611,Southend United,English League One,0.62,2.62,10.98
612,612,Las Vegas Lights FC,United Soccer League,0.46,2.29,10.91
613,613,Scunthorpe,English League Two,0.43,2.3,10.33
614,614,Forest Green Rovers,English League Two,0.37,2.16,10.24
615,615,Walsall,English League Two,0.4,2.26,9.99
616,616,Tacoma Defiance,United Soccer League,0.51,2.52,9.91
617,617,Bolton,English League One,0.38,2.25,9.8
618,618,Leyton Orient,English League Two,0.43,2.37,9.7
619,619,Grimsby Town,English League Two,0.38,2.28,9.49
620,620,Rio Grande Valley FC Toros,United Soccer League,0.35,2.44,8.01
621,621,Carlisle United,English League Two,0.28,2.31,7.65
622,622,Newport County,English League Two,0.2,2.11,7.51
623,623,Atlanta United 2,United Soccer League,0.37,2.58,7.44
624,624,Swope Park Rangers,United Soccer League,0.38,2.64,7.19
625,625,Bethlehem Steel FC,United Soccer League,0.36,2.63,6.9
626,626,Macclesfield,English League Two,0.2,2.27,6.56
627,627,Cambridge United,English League Two,0.2,2.29,6.42
628,628,Stevenage,English League Two,0.2,2.3,6.39
629,629,Morecambe,English League Two,0.2,2.4,5.85
